,카테고리,기사제목,전문,키워드
0,politics,"중앙선관위 사무총장 아들, 선관위 이직·승진 등 특혜논란 제기"," = 김세환 중앙선거관리위원회 사무총장(장관급) 아들의 지역선관위로의 이직과 승진, 해외 출장 등과 관련해 특혜 논란이 일고 있다고 TV조선이 보도했다.</p><p> 15일 중앙선관위에 따르면 김 총장 아들 김모 씨는 강화군청에서 일하던 지난 2020년 1월 인천시선관위로 이직했다. 김 총장은 당시 중앙선관위 사무차장이었다.</p><p> 인천시선관위는 당시 강화군을 포함해 구·군 선관위에서 선거관리 업무 등을 담당할 7급 이하 일반행정직을 경력 채용했고 김씨는 최종 합격자 2명에 포함됐다.</p><p> 김씨는 이직 6개월 만인 같은 해 7월 7급으로 승진했다. 그로부터 3개월 뒤 김 총장은 선거관리 실무를 총괄하는 사무총장으로 취임했다. </p><p> 김씨는 지난 2월에는 중앙선관위가 대선 재외투표소 관리를 위해 꾸린 12명의 미국 출장단에 포함됐다.</p><p> TV조선은 이와 관련, ""선관위 내부에서 특혜라는 비판이 제기됐다""고 보도했다.</p><p> 중앙선관위는 김씨의 승진과 출장, 선발 과정에 특혜는 없었다는 입장을 밝혔다.</p><p> 김씨가 당시 승진 소요 연수를 충족해 승진심사위원회의 심사를 거쳐 승진했고 미국 출장도 인천시선관위의 추천을 받아 참여했다는 설명이다.</p><p> 김 총장의 입장을 들으려고 시도했으나 연락이 닿질 않았다. </p>",김세환
1,politics,"이재명, 사흘만에 다시 ""미안합니다""…댓글 7천여개 달려"," = 더불어민주당 대선후보였던 이재명 전 경기지사가 14일 자신의 블로그에 ""미안합니다. 감사합니다. 제가 부족했습니다""라는 짧은 글을 올렸다.</p><p> 이날 오전 게재된 글에는 오후 10시까지 7천 개가 넘는 댓글이 달렸다.</p><p> 이 전 지사의 메시지는 지난 11일 페이스북과 유튜브 등을 통해 ""죄송하다. 기대에 부응하지 못했다. 패배의 모든 책임은 오롯이 부족한 저에게 있다. 그러니 혹시 누군가를 탓하고 싶은 마음이 든다면, 부디 이재명의 부족함만을 탓해 달라""고 밝힌 이후 사흘 만이다.</p><p> 이 전 지사는 지난 10일 선거대책위원회 해단식 이후 성남 분당 자택에 머무르고 있는 것으로 전해졌다. <br/></p>",이재명
2,politics,"""혼밥 않겠다""던 尹, 사흘째 오찬 공개…오늘은 통의동 김치찌개(종합)"," = 윤석열 대통령 당선인은 16일 종로구 통의동 집무실 인근에서 '김치찌개 오찬'을 했다. </p><p> 당선인 신분으로 집무실 외부에서 공개적으로 오찬을 한 것은 처음이다. 애초 이날 예정됐던 청와대에서의 문재인 대통령과 오찬 회동이 미뤄지면서다. </p><p> 윤 당선인은 이날 통의동 금융감독원 연수원에서 도보로 이동해 근처 김치찌개 식당에서 점심을 먹었다. </p><p> 안철수 인수위원장과 권영세 부위원장, 원희룡 기획위원장, 장제원 비서실장, 서일준 행정실장 등이 동석했다. </p><p> 일반 시민들도 식당 내 다른 테이블에서 식사하는 중이었다. </p><p> 이와 관련, 김은혜 당선인 대변인은 ""인수위 운영과 향후 국정 기조를 같이 논의하는 과정에서 회의가 근처 김치찌개 식당으로 이어졌다""며 ""국민이 있는 현장 속으로 가서 실제 눈을 맞추고 어루만지는 행보""라고 말했다.</p><p> 윤 당선인은 20분가량 오찬을 마치고 경복궁역 인근을 산책했다.</p><p> 900m가량 걸으면서 시민들을 향해 인사하거나 셀카 요청에 응했다고 김 대변인은 전했다. 유모차에 있는 아이의 손을 직접 쓰다듬으며 ""안녕""이라고 인사도 전했다고 한다. </p><p> 윤 당선인은 산책 도중 참모들에게 ""(앞으로) 같이 가서 밥을 먹어야 할 식당이 10분 만에 10곳 정도 눈에 띄는 것 같다""고 웃으며 말하기도 했다고 김 대변인이 전했다.<br/></p><p> 대통령 또는 당선인 신분으로서 즉석에서 산책에 나선 것은 윤 당선인이 사실상 처음이라는 게 김 대변인의 설명이다. </p><p> 윤 당선인은 이날까지 사흘 연속으로 오찬을 공개했다.</p><p> 지난 14일 첫 공개 행보로 남대문시장을 찾은 후 꼬리곰탕을 먹었다. 60년이 넘은 노포에서 상인들과 한 식탁에 마주 앉아 전통시장 활성화를 약속했다.</p><p> 전날에는 경북 울진 산불피해 현장을 방문한 뒤 짬뽕으로 점심 식사를 했다. 화재 당시 소방관들에게 식사를 무료 제공한 식당으로, 윤 당선인이 직접 ""매상을 올려주고 싶다""며 정했다고 한다.</p><p> 요리를 좋아하는 미식가로 알려진 윤 당선인은 대선 전부터 이미 '식사 정치'를 예고한 바 있다. 밥 자리를 허심탄회한 소통 창구로 여기는 그의 철학이 깔렸다.</p><p> 그는 지난해 9월 한 TV 예능 프로그램에 출연해 ""대통령이 된다면 '혼밥'(혼자 밥 먹기)하지 않겠다""며 ""국민 앞에 숨지 않겠다""고 밝혔다.</p><p> 그러면서 ""사람이 밥을 같이 나누는 게 소통의 기본""이라며 ""야당 인사, 언론인, 격려해야 할 국민과 필요하면 2끼씩 먹더라도 밥 먹으면서 소통하겠다""고 강조했다. </p><p> 윤 당선인은 이날 산책을 마친 뒤 통의실 집무실로 복귀했다.</p>",윤석열
3,politics,[이슈 In] 나토는 왜 '흑태양' 휘장의 우크라 여군 트윗을 지웠나," = 북대서양조약기구(NATO·나토)가 세계 여성의날(3월 8일)을 맞아 가슴에 '검은 태양' 휘장을 단 우크라이나 민병대 여군의 사진을 트위터 계정에 올렸다가 급히 삭제한 것으로 알려져 그 배경에 관심이 쏠린다.</p><p> '검은 태양'은 과거 독일 나치 친위대(SS)가 상징으로 사용했던 문양으로 알려졌다.</p><p> 블라디미르 푸틴 러시아 대통령은 이번 우크라이나 침공의 명분 중 하나로 '탈나치화'를 언급한 바 있다.<br/></p><p> ◇ 나토, 네오나치 상징 단 우크라 여군 트윗했다 삭제</p><p> 나토는 지난 8일 공식 트위터 계정에 다양한 우크라이나 여성들의 모습을 담은 사진 4장을 올렸다.</p><p> ""세계 여성의날에 우리는 우크라이나의 놀라운 여성들을 생각한다. 그들의 강인함, 용기, 회복력은 우크라이나 정신의 상징""이라는 글과 함께였다.</p><p> 하지만 나토는 수 시간 뒤 사진을 삭제했다. 가슴에 '검은 태양' 휘장을 단 우크라이나 민병대 복장의 여군 사진이 문제가 됐다.</p><p> 트위터 이용자들은 이 여군이 가슴에 단 휘장이 과거 악명 높은 나치 SS가 비밀스러운 상징으로 사용했던 문양이며, 지금도 우크라이나 네오나치 세력의 상징으로 쓰이고 있다고 비판했다.</p><p> 특히 사진 속 여군이 입고 있는 군복과 휘장은 푸틴 대통령이 '탈나치화'의 표적으로 삼고 있는 우크라이나 '아조프 연대'의 것으로 알려졌다.</p><p> 나토 고위 관리는 실수를 인정하면서 뉴스위크에 ""공식적으로 확인할 수 없는 상징물이 포함된 것을 발견했고 즉시 삭제했다""고 말했다.</p><p> 애초 이 여군 사진은 지난달 중순 우크라이나군 참모본부에 의해 사회관계망서비스(SNS)에 처음 공개됐고, 이후 많은 SNS 이용자들에 의해 널리 확산했다.</p><p> 뉴스위크 일본판에 따르면 '검은 태양'은 요한 묵시록의 해석에 따라 중세 때부터 전해져 내려온 이상국가 '제3 제국'의 문장으로, 나치 SS가 신성시했던 것으로 알려졌으며 나치 제3 제국이 붕괴한 뒤에도 극우세력 사이에 계승됐다.</p><p> 오스트리아 빈 대학의 율리안 슈트루베 조교수는 ""'검은 태양'의 개념은 1950년대에 나치 잔당과 네오나치 세력 사이에 SS의 비밀의식에 참가했던 나치 엘리트 그룹과 그들이 가진 초자연적인 힘과 연관된 것으로 널리 회자됐다""고 말했다.</p><p> 문제는 우크라이나 내에 '검은 태양' 휘장을 달고 다니면서 백인 우월주의와 극단적 민족주의를 신봉하는 네오나치 세력이 암암리에 활동하고 있다는 사실이다.</p><p> 러시아 당국이 공식적으로 언급하기도 한 아조프 연대는 우크라이나 동부의 도네츠크와 루한스크 지역에서 러시아계 주민들에 대한 학살을 자행한 것으로 알려진 네오나치 민병대 조직이다.</p><p> 나토가 이 민병대 소속으로 추정되는 여군 사진을 트윗했다가 황급히 지운 것은 러시아-우크라이나 전쟁을 뚜렷한 선악 구도로 인식하는 대중들의 시각에 부정적 영향을 줄 수 있다고 판단했기 때문으로 풀이된다.</p><p> 우크라이나에서는 2015년에 제정된 법에 따라 나치즘뿐 아니라 공산주의의 상징도 공식 사용을 금지하고 있다.</p><p> 슈트르베 교수는 ""만약 우크라이나인이 아조프 연대가 문양으로 사용하는 '검은 태양' 휘장을 달고 있다면 조직의 일원이나 지지자로 볼 수 있다""고 말했다.<br/></p><p> ◇ 'SS 수장'의 고향에 있던 문양…""네오나치와 백인 우월주의자들이 사용""</p><p> '검은 태양' 문양은 1940년대 나치 제3 제국 시절 독일 북서부의 베벨스부르크성 바닥에 그려져 있던 것으로 알려진다.</p><p> 베벨스부르크는 SS의 수장이던 하인리히 히믈러의 고향이기도 하다.</p><p> 당시 히믈러는 바닥에 '검은 태양' 문양이 새겨진 이 성에서 비밀스러운 종교적 의식을 행했던 것으로 전해진다.</p><p> 오늘날까지 나치의 상징으로 가장 많이 알려진 문장은 '하켄크로이츠'라 불리는 갈고리 십자가지만, 이 상징은 대부분의 서방 국가에서 사용이 금기시되고 있다.</p><p> 반면 '검은 태양'은 일반인들 사이에 그 의미나 유래가 덜 알려진 편이어서 지지자들 사이에 공유가 용이하다고 한다.</p><p> 슈트루베 교수는 ""베벨스부르크성의 장식을 보면 이 상징이 SS와 연관된 것처럼 보이지만 그것이 단지 문양일 뿐인지 아니면 어떠한 의미가 있는지는 확실치 않다""며 ""'검은 태양'의 의미에 대해 다양한 해석이 있지만 지금은 극우 또는 네오나치만이 이 기호를 사용하는 것으로 봐야 한다""고 짚었다.</p><p> 마크 핏캐비지 반인종주의연맹 극단주의센터 선임연구원은 ""'검은 태양'은 많은 문명에 공통된 고대의 상징이며 다양한 변형을 가지고 있다""며 ""'검은 태양'이 나치의 상징으로 널리 사용되지는 않았지만 SS가 그것을 사용했기 때문에 지금은 엘리트의 상징으로 여겨진다""고 설명했다.</p><p> 그는 ""나치의 제3 제국이 붕괴한 뒤 네오나치와 다른 백인 우월주의자들은 나치가 사용하는 많은 상징을 받아들였다""며 ""최근 5∼6년 사이에 '검은 태양'은 백인 우월주의자들 사이에 더 많이 사용되고 있다""고 덧붙였다.</p><p> 나토가 여성의날을 기념하기 위해 올린 트윗에 '검은 태양' 휘장을 단 우크라이나 민병대 여군 사진이 포함됐던 것도 이런 현상과 무관치 않은 것으로 풀이된다.</p><p> 실제로 우크라이나는 나치와 연관된 어두운 역사가 있다.</p><p> 나치 독일 점령 기간이던 1941∼1944년에 스테판 반데라같은 우크라이나의 민족주의자들은 소련으로부터의 독립을 쟁취하기 위해 전략적으로 나치와 손을 잡았다.</p><p> 소련이 붕괴하고 마침내 우크라이나가 독립을 쟁취한 1991년 이후에도 빅토르 유셴코 전 대통령을 비롯한 일부 지도자들은 반데라의 유산을 높이 평가했다.</p><p> 러시아는 2014년 우크라이나에서 일어난 대규모 반정부 시위로 나토 가입을 지지하는 친서방 정권이 수립됐을 때 ""극우 세력에 의해 시위가 주도됐다""고 비판했고, 이는 결국 러시아의 크림반도 병합으로 이어졌다.</p><p> 이처럼 역사적 뿌리가 깊은 우크라이나의 극우 민족주의자 혹은 친나치 세력은 지금도 우크라이나군이나 아조프 연대 같은 준군사 조직에 존재한다고 뉴스위크는 전했다.</p><p> 그러나 우크라이나에 대한 특수군사작전이 우크라이나의 '탈나치화'를 위한 것이라는 푸틴 대통령의 침공 정당화 발언은 '선전'에 불과하다는 것이 그들의 일치된 입장이라고 뉴스위크는 덧붙였다.</p>",우크라이나
4,politics,"'靑회동 불발' 尹당선인, 통의동서 김치찌개 즉석오찬"," = 윤석열 대통령 당선인은 16일 종로구 통의동 집무실 인근에서 '김치찌개 오찬'을 했다. </p><p> 당선인 신분으로 집무실 외부에서 공개적으로 오찬을 한 것은 처음이다. 애초 이날 예정됐던 청와대에서의 문재인 대통령과 오찬 회동이 미뤄지면서다. </p><p> 윤 당선인은 이날 통의동 금융감독원 연수원에서 도보로 이동해 근처 김치찌개 식당에서 점심을 먹었다. </p><p> 안철수 인수위원장과 권영세 부위원장, 원희룡 기획위원장, 장제원 비서실장, 서일준 행정실장 등이 동석했다. </p><p> 일반 시민들도 식당 내 다른 테이블에서 식사하는 중이었다. </p><p> 이와 관련, 김은혜 당선인 대변인은 ""인수위 운영과 향후 국정 기조를 같이 논의하는 과정에서 회의가 근처 김치찌개 식당으로 이어졌다""며 ""국민이 있는 현장 속으로 가서 실제 눈을 맞추고 어루만지는 행보""라고 말했다.</p><p> 윤 당선인은 20분가량 오찬을 마치고 경복궁역 인근을 산책했다.</p><p> 900m가량 걸으면서 시민들을 향해 인사하거나 셀카 요청에 응했다고 김 대변인은 전했다. 유모차에 있는 아이의 손을 직접 쓰다듬으며 ""안녕""이라고 인사도 전했다고 한다. </p><p> 대통령 또는 당선인 신분으로서 즉석으로 산책에 나선 것은 윤 당선인이 사실상 처음이라는 게 김 대변인의 설명이다. </p><p> 윤 당선인은 산책을 마친 뒤 통의실 집무실로 복귀해 업무를 보는 중이다.</p>",윤석열
5,economy,[우크라 침공] 러시아 국가부도 직면…국채 가격 액면가 10% 밑으로," = 러시아가 서방의 초강력 제재로 국가부도 위기에 처한 가운데 러시아 국채 가격이 액면가의 10% 아래로 하락, '상습 부도 국가'인 아르헨티나의 과거 기록에 근접했다고 미 월스트리트저널(WSJ)이 15일(현지시간) 보도했다.</p><p> 채권시장의 이런 움직임은 러시아가 세계 금융 시스템에 복귀하는 데 오래 걸릴 것이라는 관측을 보여준다고 신문은 지적했다.</p><p> 러시아가 채무 불이행(디폴트)으로 가는 첫 번째 분수령은 16일이다. 러시아는 2건의 달러화 표시 국채에 대해 1억1천700만달러(약 1천450억원)의 이자를 이날까지 지급해야 한다. 이들 국채는 30일간의 유예기간이 있다.</p><p> 러시아는 달러화 국채 이자를 루블화로 상환할 것이라고 시사했다. 안톤 실루아노프 러시아 재무장관은 ""루블화로 지급할 준비가 돼 있다""고 14일 말했다.</p><p> 로이터통신에 따르면 국제 신용평가사 피치는 러시아가 이 달러화 국채 2건의 이자를 루블화로 지급할 경우 유예기간 30일이 지나면 채무 불이행에 해당한다고 이날 성명에서 밝혔다.</p><p> 피치는 이어 루블화 지급 후 유예기간이 지나면 이 국채 2건의 신용등급을 디폴트를 나타내는 'D'로 강등하고 러시아의 장기신용등급을 '제한적 디폴트'로 낮출 것이라고 예고했다.</p><p> 러시아 국채 가격은 지난주에 달러당 10센트 밑으로 내려가 5년 전 채무 불이행 상태에 빠졌던 베네수엘라 수준이 됐으며, 여러 차례 디폴트를 선언했던 아르헨티나 국채의 최저 수준에 가까워졌다.</p><p> 이후 아르헨티나는 소송전 끝에 15년이 지나서야 글로벌 채권시장으로 복귀할 수 있었다.</p><p> 어드밴티지데이터에 따르면 달러 표시 러시아 국채의 가격은 달러당 8센트지만 펀드매니저들은 5센트에서도 거래가 이뤄지고 있다고 말했다. 아르헨티나 국채는 2009년 달러당 6센트까지 떨어졌다. </p><p> 러시아가 우크라이나를 침공하기 전까지 러시아 국채는 투자등급이었으며 달러당 100센트 안팎에서 거래됐다.</p><p> 국가부도를 앞두고 헐값의 부실 채권에 투자하는 이른바 '벌처펀드'도 러시아 국채는 꺼리고 있다.</p><p> 벌처펀드는 디폴트에 빠졌던 국가가 다시 국제 채권시장에 들어오려 할 때 협상이나 소송으로 채권을 회수하지만, 러시아를 상대로는 이런 전략을 실행하기 어렵다고 판단하고 있다.</p><p> 러시아는 1917년 볼셰비키 혁명 이후 최초의 외화 디폴트에 직면했다. 러시아는 1998년 금융위기 당시 루블화 국채의 디폴트를 맞았고, 달러화 표시 국채에 대해 모라토리엄(채무 지급 유예)을 선언했다. 1998년 당시 러시아의 보리스 옐친 정부는 국제통화기금(IMF) 지원을 받았다. </p><p> 러시아가 디폴트에 빠지면 채권자들이 어떤 법적 대응을 할 수 있을지가 관심이다.</p><p> 러시아는 국제 시장에서 자금을 조달하지 않고도 몇 년은 버틸 수 있기 때문에 러시아를 협상 테이블로 불러내기는 어려울 것으로 애널리스트들은 관측하고 있다.</p><p> 신용평가사 스탠더드앤드푸어스(S&amp;P)에 따르면 지난해 기준 러시아 국채의 80%는 자국 내 투자자들이 보유했다. 러시아가 석유 수출로 현금을 쌓으면 투자자들에게는 협상 지렛대가 별로 없다.</p><p> 2016년 아르헨티나를 상대로 한 국제 소송을 이끌었던 제이 뉴먼 전 엘리엇매니지먼트 포트폴리오 매니저는 채권 보유자들이 러시아의 해외 자산을 소송으로 압류하는 데 어려움을 겪을 것이라고 말했다.</p><p> 그는 ""소송에서 이겼다고 하더라도 러시아 같은 나라를 상대로 법원 결정을 집행하는 것은 매우 어려울 것""이라고 설명했다.</p><p> 외국의 러시아 채권 보유자들이 러시아와 채무조정 협상을 하려고 해도 미국이나 유럽이 이를 막을 것이라고 카를로스 드소자 본토벨자산운용 펀드매니저는 말했다.</p>",러시아
6,economy,"삼성전자 500만명 동학개미, 송곳 질문으로 주총장 달궜다"," = 500만명이 넘는 동학개미 주주들을 보유한 삼성전자[005930]의 제53회 정기 주주총회가 16일 경기 수원시 수원컨벤션센터에서 열렸다. </p><p> 이날 주총장에는 코로나19 오미크론 변이 급확산세 속에서도 지난해(900명)보다 2배 가까이 많은 1천600여명의 주주들이 참석했다. </p><p> 삼성전자는 지난해와 마찬가지로 사전 전자투표를 진행했고, 코로나19 방역 등을 고려해 온라인 생중계도 병행했다. </p><p> 의안 상정에 앞서 삼성전자 DX부문장 한종희 부회장, DS부문장 경계현 사장이 나와 사업 부문별 경영현황에 관해 설명하고, 주주들의 질문에 답변했다.</p><p> 한 부회장은 ""지난해 연말 세트 사업을 통합해 새롭게 출범한 DX부문은 사업 간 경계를 뛰어넘는 통합 시너지를 확대하고 미래 신성장 동력을 키워나갈 계획""이라며 ""특히 고객에게 가치 있는 경험을 제공하기 위해 혁신을 최우선으로 추진하고 지속 성장하는 사업 구조를 만들어나갈 것""이라고 말했다.</p><p> 한 부회장은 로봇과 메타버스 등을 신성장 사업으로 육성하겠다는 뜻도 밝혔다.</p><p> 한 부회장은 고사양 게임 시 스마트폰의 과열을 막기 위해 갤럭시S22의 화면 해상도 등을 강제로 저하시키는 '게임 옵티마이징 서비스'(GOS) 논란에 대해선 ""고객 여러분 마음을 처음부터 헤아리지 못했다""며 ""심려를 끼쳐 송구하다""고 사과했다. </p><p> 주총에서는 재무제표 승인, 사내·사외이사 선임 등의 안건이 상정돼 원안대로 통과됐다.</p><p> 경계현 DS 부문장(찬성률 86.34%)과 노태문 MX사업부장(97.96%), 박학규 DX부문 경영지원실장(86.11%), 이정배 메모리사업부장(98.04%) 등 사장 4명은 사내이사로 신규 선임됐다. </p><p> 사외이사로는 김한조 하나금융공익재단 이사장이 재선임됐고, 한화진 국가과학기술인력개발원 석좌교수와 김준성 싱가포르투자청(GIC) 매니징 디렉터는 신규 선임됐다.<br/></p><p> 이날 주총장에서는 주주들의 송곳 질문과 지적이 이어졌다. </p><p> ""지난해 9만원대까지 오른 삼성전자 주가가 30% 넘게 하락했는데 주주가치 제고를 위해 엄청난 노력을 해달라"", ""노태문 MX사업부장은 GOS 논란에 대해 삼성 팬들에게 합리적인 납득(설명)을 주지 못했다"", ""삼성의 주인은 주주인데 삼성 노조의 성과급 요구가 과도하다""는 등의 지적이 나왔다. </p><p> 그러나 주총은 전반적으로 비교적 차분한 분위기 속에서 진행됐다. </p><p> 삼성전자는 올해 주주들과 소통을 강화하기 위해 여러 이벤트를 마련했다.</p><p> 행사 시작 전 여러 나라 출신의 삼성전자 임직원들이 주주들께 감사한다는 메시지를 전달하며 더욱 열심히 일하겠다는 내용이 담긴 환영 영상을 방영했다. </p><p> 주총장 로비에는 MZ세대 젊은 주주들의 취향을 겨냥해 '주주총회 포토존'과 삼성에 바라는 점등을 메시지로 작성해 부착하는 '응원메시지 월'도 마련했다. </p><p> 삼성전자의 주주는 동학 개미들의 폭발적인 증가에 힘입어 약 504만명(2021년말 보통주 기준) 수준으로, 2020년 말의 214만명 대비 약 136% 늘어났다. 특히 20~30대 '젊은 주주'들의 비중이 크게 늘어난 것으로 알려졌다.</p><p> 삼성전자는 이날 코로나19 방역을 위해 각별히 신경을 썼다. </p><p> 수원컨벤션센터 3층(3천40㎡)과 1층(7천877㎡)을 모두 대관해 최대한 많은 주주가 참여할 수 있도록 하되 주총이 열리기 엿새 전부터 매일 방역 소독을 했다. </p><p> 또한 의사와 간호사 등 의료진 7명이 3곳의 건강확인소에서 의심환자를 진료하고, 발열이 의심되는 주주들은 따로 설치된 외부중계소에서 중계를 지켜보며 주총에 참석할 수 있도록 했다. </p><p> fusionjc@yna.co.kr</p>",주주
7,economy,"국제유가, 배럴당 100달러선 아래로 마감…1주만에 20%↓","<p> (뉴욕=연합뉴스) 강건택 특파원 = 국제유가는 15일(현지시간) 러시아-우크라이나의 평화회담 기대와 중국발(發) 수요 감소 우려가 교차하면서 배럴당 100달러 밑으로 내려갔다.</p><p> 뉴욕상업거래소(NYMEX)에서 4월 인도분 서부 텍사스산 원유(WTI)는 전장보다 배럴당 6.4%(6.57달러) 떨어진 96.44달러에 거래를 마쳤다.</p><p> 종가 기준으로 2008년 8월 이후 최고가였던 지난 8일 배럴당 123.70달러에서 일주일 만에 20% 이상 하락한 것이다. </p><p> 전날에도 장중 100달러 선을 잠시 내줬으나, 두 자릿수 대 종가를 기록한 것은 2월 말 이후 처음이다.</p><p> 런던 ICE선물거래소의 5월물 브렌트유도 배럴당 99.91달러로 거래를 마쳐 3주 만에 100달러 아래로 마감됐다.</p><p> 지난달 말 우크라이나를 침공해 유가 급등의 원인을 제공한 러시아가 전날부터 우크라이나와 평화회담을 재개해 시장의 공포를 다소 진정시킨 가운데 이번 주 들어 중국이 신종 코로나바이러스 감염증(코로나19) 확산을 막기 위한 봉쇄 조치에 나선 것이 유가에 하방 압력을 가했다.</p><p> '중국판 실리콘밸리'로 불리는 선전시가 전면 봉쇄되고 '경제수도'인 상하이도 준봉쇄 수준으로 방역을 강화해 원유 수요가 위축될 것이란 전망을 키우고 있어서다.</p><p> 미 중앙은행인 연방준비제도(Fed·연준)가 이날부터 이틀간의 3월 연방공개시장위원회(FOMC) 정례회의를 마치고 금리인상을 단행할 예정이라는 점도 유가에 영향을 미친 것으로 보인다.</p><p> 지정학적 위기가 지속되는 가운데 금리인상과 중국의 재봉쇄가 글로벌 스태그플레이션(물가 상승 속 경기 불황)을 불러일으킬 수 있다는 염려도 일각에서 나온다.</p><p> 전쟁 국면에서 안전자산으로 각광받던 금값도 연일 하락세를 보이고 있다.</p><p> 이날 뉴욕상업거래소에서 4월 인도분 금은 온스당 1.6%(31.10달러) 떨어진 1,929.70달러에 장을 마감했다.</p><p> 금융정보업체 팩트셋에 따르면 금값은 지난 2일 이후 2주 만에 가장 낮은 종가를 기록했다.</p>",국제유가
8,economy,[포켓이슈] 러시아 국가부도 현실화하나…'16일 고비',"<p> (서울=연합뉴스) 국제사회의 강력한 제재로 러시아의 국가부도가 현실화하는 모습입니다.</p><p> 16일이 고비입니다. 러시아 사정을 고려해볼 때 당일로 예정된 달러 채권 이자 상환조차 힘들 것으로 예상되기 때문입니다. </p><p> 러시아는 이날까지 달러 채권 이자 1억1천800만 달러(약 1천462억 원)를 갚아야 합니다. 못 갚는다면 30일 동안 한 차례 유예되는데 다음 달 15일(이하 현지시간)까지 상환 못 한다면 디폴트(채무불이행)가 선언됩니다. </p><p> 이달 28일(1억200만 달러)과 31일(4억4천653만 달러)에도 러시아의 외화 채권 이자와 원금 상환일이 줄줄이 예정됐습니다.</p><p> 크리스탈리나 게오르기에바 국제통화기금(IMF) 총재는 13일 러시아가 디폴트 사태에 직면할 가능성이 있다고 경고했습니다. </p><p> 그는 미국과 서방 국가들의 대규모 경제 제재로 러시아가 이미 큰 타격을 받고 있다며 러시아 경제가 올해 심각한 침체를 겪을 것으로 전망했습니다. </p><p> 무디스(Moody's), 스탠더드앤드푸어스(S&amp;P), 피치(Fitch) 등 국제신용평가사들이 러시아 신용등급을 디폴트 직전 수준까지 내린 가운데 JP모건은 러시아의 첫 번째 고비가 16일이라고 예상했습니다.</p><p> 지난 1월 말 기준으로 러시아가 보유한 외화는 6천302억 달러로 중국(3조2천216억 달러), 일본(1조3천859억 달러), 스위스(1조926억 달러)에 이어 4위이지만, 이 돈은 대부분 묶였습니다.</p><p> 지난달 26일 러시아가 국제은행간통신협회(SWIFT·스위프트) 결제망에서 배제돼 외화보유액 접근이 어려워졌기 때문입니다. 현재 러시아의 가용 외화보유액은 300억 달러 수준에 그친다고 합니다.</p><p> 러시아가 한국·미국 등 48개국의 '비우호국가'에 대해서는 이자를 달러 대신 루블화로 지급하겠다고 밝힌 점도 혼란을 가중하고 있는데요. 러시아 채권국들이 달러화 국채이자를 루블화로 받을 리 만무합니다.</p><p> 시장도 러시아의 디폴트 선언 가능성에 점차 무게를 둡니다. 지난 7일 뉴욕시장에서 거래된 러시아의 신용부도스와프(CDS) 프리미엄은 4123.93bp(1bp=0.01%)로 전날보다 무려 1788.62bp가 뛰었습니다. 국가부도 위험이 커질수록 CDS 프리미엄도 높아집니다.</p><p> 러시아의 우크라이나 침략으로 단기간에 막대한 손실을 본 것으로 알려진 블랙록 등 글로벌 자산운용사들도 추가 손실을 줄이기 위해 보유 중인 러시아 자산 '손 털기'에 나서고 있습니다. </p><p> 이들 글로벌자산운용사가 러시아 등 신흥국 투자를 철회하게 되면 한국에도 부정적인 영향을 끼칠 것으로 보입니다.</p><p> 러시아의 디폴트 선언이 현실화하면 러시아에 대한 익스포저(위험 노출)가 상대적으로 큰 금융기관의 손실이 우려됩니다. 국제결제은행(BIS)에 따르면 서방 국가들이 러시아에서 받아야 할 돈은 1천210억 달러(약 150조 원) 정도 됩니다. </p><p> 그러나 국제금융시장 기준을 볼 때 러시아 디폴트 선언이 세계 금융시장에 미치는 영향이 제한적일 것이라는 예측도 있습니다. 게오르기에바 IMF 총재는 ""1천200억 달러 규모의 러시아 익스포저가 무시할 수준은 아니지만, 세계 경제 시스템을 흔들 정도는 아니다""라고 평가했습니다.</p><p> 러시아가 1998년 금융위기 당시처럼 '모라토리엄(대외채무 지급 불이행)'을 선언하는 등 완전한 파산을 선언할 가능성은 크지 않다는 분석도 나옵니다.</p><p> 김대준 한국투자증권 연구원은 1998년과는 러시아의 상황이 다르다면서 ""유가도 배럴당 100달러 이상으로 당시의 10배를 넘고, 현재 경제 펀더멘털(기초여건)도 양호하다""고 말했습니다.</p> 이지원 크리에이터</p>",IMF
9,economy,삼전 주총에 모인 '동학개미' 1천600명…할머니 손잡은 초등생도," = 16일 경기 수원컨벤션센터에서 열린 삼성전자[005930] 주주총회에는 500만명이 넘는 '동학개미' 가운데 1천600여명이 직접 현장에 참석했다. </p><p> 삼성전자 주총 역사상 최대 인원이다.</p><p> 3년째 지속 중인 코로나19 상황 속에서 열린 이번 주총에서 삼성전자는 주주들의 비대면 참여를 유도하기 위해 지난해에 이어 올해도 전자투표제와 온라인 중계를 도입했음에도 대규모 인원이 주총장을 직접 찾은 것이다.</p><p> 이날 주총에서는 최근 파업 가능성까지 거론하고 있는 삼성전자 노조에 대한 주주들의 우려 목소리가 터져 나오기도 했다.<br/></p><p> 주총장인 수원컨벤션센터에는 행사 시작(오전 9시) 약 2시간 전부터 입장을 대기하는 주주들이 차례로 긴 줄을 섰다.</p><p> 이날 현장에 참석한 주주는 1천600여명으로, 지난해(900여명)보다 크게 늘었다. 삼성전자에 따르면 이날 현장 참석 주주 인원은 삼성전자 창사 이래 역대 최대 규모다.</p><p> 이는 지난해 '동학개미 운동'으로 불린 국내 주식 열풍으로 삼성전자 소액주주 수가 2020년 말 약 215만명에서 지난해 말 504만명(보통주 기준)으로 급증한 결과로 보인다.</p><p> 주총장에는 백발의 노인부터 교복을 입고 온 청소년, 부모님과 함께 온 초등학생까지 남녀노소를 가리지 않고 다양한 모습의 주주들이 눈에 띄었다.</p><p> 화성시 동탄에서 온 대학생 황서현(24)씨는 ""오후에 대학 수업이 있지만 삼성전자 주주총회를 경험해보고 싶어 올해 처음으로 방문했다""며 ""삼성전자 주식은 10주 정도 있다. 앞으로 주가가 많이 올랐으면 좋겠다""고 말했다.</p><p> 할머니 손을 잡고 온 초등학교 3학년 백진현(9)군은 보통주 1주를 보유한 소액주주로, 이날 학교 대신 삼성전자 주총장에 현장학습을 왔다. 백군은 ""삼성전자에서 일하는 사람들이 회사를 소개해주는 자리라고 부모님이 알려주셨다""며 ""사람들이 많아 긴장된다""고 말했다.</p><p> 백군의 할머니는 ""경제 관념을 정립하는 데 도움이 될 것 같아서 학교에 현장학습 신청을 하고 데려왔다""고 전했다.</p><p> 올해는 최근 급증한 MZ세대 주주들을 고려해 '주총 참석 인증샷'을 찍을 수 있도록 포토존을 설치하는 등 주주 참여를 높이기 위한 색다른 시도들도 눈길을 끌었다.</p><p> 다만 삼성전자는 하루 신규 확진자가 40만명을 넘는 등 코로나19가 급확산하는 상황을 고려해 방역에도 만전을 기했다.</p><p> 회사는 참석 주주 간 거리두기를 위해 수원컨벤션센터 3층(3천40㎡)과 1층(7천877㎡)을 모두 대관했고, 주총장 내부에는 2ｍ 간격으로 떨어져 앉도록 의자를 배치했다. 또한 주주들의 마이크에 사용할 일회용 덮개와 일회용 손잡이도 준비했다.<br/></p><p> 이날 주총에선 최근 창사 이래 첫 파업 우려가 나오고 있는 노조 문제도 자주 거론됐다.</p><p> 한 주주는 ""삼성을 사랑하고 제 자산의 상당 부분이 삼성전자 주식으로 있다""며 ""경영진은 삼성을 세계적 기업으로 선도하는데 노조가 무리한 요구를 하며 생떼를 부리고 있다. 노조에 발목이 잡히지 않았으면 좋겠다""고 발언했다.</p><p> 주변에 있던 주주들은 이 발언이 끝나자 손뼉을 치며 호응하기도 했다.</p><p> 또 다른 주주는 ""노조의 필요성은 인정하지만, 타당한 요구가 아니라 과도한 요구를 하는 것을 오래 지켜봤다""며 ""곧 노조 대표단을 만나는 경계현 사장이 주주가치 제고를 위해 힘써줬으면 한다""고 요구했다.</p><p> 이에 대해 한종희 삼성전자 대표이사 부회장(DX부문장)은 ""회사는 노동3권을 보장하고 선진적인 노사관계를 구축하기 위해 지속해서 노력하고 있다""며 ""노조 공동교섭단과 성실하게 교섭해 앞으로 상생의 노사관계를 구축하겠다""고 답했다.</p><p> 삼성전자 내 최대 노조인 전국삼성전자노조는 이날 주총장 출입구에서 'GOS 사태의 근본원인 노태문, 삼성전자 사내이사 선임 철회하라'는 내용이 담긴 현수막을 들고 선전전을 펼쳤다.</p><p> 노조는 앞서 갤럭시S22의 '게임 옵티마이징 서비스'(GOS) 사태에 대한 책임을 물어야 한다며 노 사장의 사내이사 선임을 철회해달라고 회사 측에 공문을 발송하기도 했다.</p><p> 한 삼성전자 주주는 노조 현수막 바로 옆에서 '나는 노조가 정말 싫어요'라는 팻말 들고 항의성 시위를 하며 신경전을 벌이기도 했다.<br/></p><p> 이외에도 주주들은 최근 주가 부진에 대한 해결책으로 자사주 소각 등 주주가치 제고 조치를 요구하거나 반도체 초격차 경쟁력 유지를 위한 구체적인 대응책을 주문했다.</p><p> 최근 파운드리(반도체 위탁생산) 사업에서 5나노 이하 선단 공정의 수율(결함이 없는 합격품의 비율)이 낮다는 주주의 지적에 대해 경계현 DS부문장(사장)은 ""공정이 미세화될수록 복잡도가 증가해 초기 램프업(생산량 확대)에 시간이 소요됐지만, 점진적 개선으로 안정화되고 있다""며 ""라인운영 최적화와 공정 개선으로 수익성과 공급 물량 두 가지를 동시에 개선할 것""이라고 답했다.</p><p> 삼성전자 주주총회는 이날 오전 9시에 시작해 3시간만인 정오께 끝났다.</p><p> 국민연금이 경계현 사장 등 일부 이사 선임에 대해 반대표를 던졌지만, 경 사장 등 사내이사 4인의 선임 안건을 비롯해 사외이사 선임, 재무제표 승인 등 전체 주총 안건이 모두 의결됐다.</p>",삼성전자
10,society,"김건희 여사 측 ""서울의 소리 사과 없이는 소송 취하 없어"""," = 김건희 여사 측이 인터넷 언론사 '서울의 소리' 관계자들을 상대로 낸 소송이 정치보복이 아니라며 사과 없이는 취하할 뜻이 없다고 밝혔다.</p><p> 김 여사 측 관계자는 15일 ""서울의 소리 손해배상 소송은 민사소송으로 정치보복이 전혀 아니다""라며 이같이 밝혔다.</p><p> 이 관계자는 ""서울의 소리는 작년부터 유흥 접대부설 등 입에 담기 힘든 여성 혐오적 내용의 허위사실을 수차례 방송했고, 녹음 파일을 단순히 입수해 보도한 것이 아니라 처음부터 기획해 양자·다자간 대화를 몰래 녹음해 통신비밀보호법을 위반했다""고 주장했다.</p><p> 이어 ""(서울의 소리가) 법원의 방송금지 가처분 범위를 무시하고 사실상 녹음 내용 전체를 방송해 헌법상 인격권과 명예권을 침해했다""며 ""국민 알권리 차원에서 적정 범위에서 방송한 다른 언론사들과 완전히 다르다""고 지적했다.</p><p> 그러면서 ""(김 여사가) 불법 방송 직후인 지난 1월 17일 손해배상 소송을 제기했으며 그 이후로 (서울의 소리가) 사과하기는커녕 아직도 허위사실이 버젓이 (유튜브 채널에) 올라와 있다""고 비판했다.</p><p> 이 관계자는 ""불법 녹음과 여성 혐오적 방송 등 명백한 불법행위를 사과하고 방송 콘텐츠 철회 등 적정한 후속 조치를 요청한다""며 ""소 취하 문제는 최소한의 조치가 이뤄진 후 검토할 부분""이라고 했다.</p><p> 서울의 소리는 이날 사회관계망서비스(SNS)를 통해 ""서울의 소리를 협박해 입을 막기 위한 1억원 손배소를 김건희가 취하하더라도 소송을 중단할 의사가 없다""고 밝혔다.</p>는 대선을 앞둔 지난 1월 중순 김 여사와 통화한 내용을 녹음했다며 MBC와 협업해 그 내용을 공개하겠다고 밝혔다.</p><p> 김 여사는 녹음파일 공개를 막아달라며 MBC와 서울의 소리를 상대로 가처분을 신청했으나 법원은 일부 사생활 관련 내용만 제외하고 공개를 허용했다. 결국 MBC와 서울의 소리는 각각 방송과 유튜브에 통화 내용을 공개했다.</p>를 상대로 1억원을 청구하는 소송을 제기했다.</p><p> jaeh@yna.co.kr</p>",김건희
11,society,"정형돈, '운전 중 휴대전화 사용' 경찰에 자진신고…과태료 처분"," = 방송인 정형돈(44)씨가 경찰에 도로교통법 위반 사실을 스스로 신고했다.</p><p> 16일 연합뉴스 취재를 종합하면 정씨는 이날 오후 1시께 서울 강남경찰서에 방문해 도로교통법 위반(운전 중 휴대전화 사용) 사실을 자진 신고했다.</p><p> 정씨는 지난달 23일 자신이 운영하는 유튜브 채널에 게시한 영상 속에서 운전 도중 휴대전화를 사용해 도로교통법을 위반했다.</p><p> 그는 영상 자막을 통해 ""운전 중 핸드폰 사용은 명백한 불법으로 합당한 처벌을 받겠다""고 밝혔다. 아울러 유튜브 채널 공지란에 ""직접 경찰서로 가서 자수할 예정""이라고도 게시했다.</p><p> 경찰은 이날 정씨의 도로교통법 위반 사항에 대해 과태료 6만원과 벌점 15점을 부과했다.</p>",정형돈
12,society,"성공회대, '모두의 화장실' 설치…국내 대학 중 최초"," = 장애 유무나 성별 등에 구애받지 않고 누구나 이용할 수 있는 '모두의 화장실'이 국내 대학 중 성공회대에 처음으로 설치됐다.</p>회견을 개최한다.</p><p> 새천년관 지하 1층에 들어서는 모두의 화장실은 음성지원과 자동문, 점자블록, 각도 거울 등 장애인 편의기능을 갖췄으며, 유아용 변기 커버와 기저귀 교환대, 소형 세면대, 접이식 의자, 외부 비상통화 장치 등이 설치됐다.</p><p> 화장실에 성별 구분을 하지 않아 태어났을 때의 지정 성별과 태어난 후의 성별 정체성이 다른 성소수자도 불편함 없이 이용할 수 있다.</p><p> 모두의 화장실은 지난해 5월 성공회대 학생기구인 중앙운영위원회가 관련 안건을 만장일치로 의결하면서 본격 추진됐다. 학교 본부는 화장실 설치 자체에 반대하진 않았으나, 일부 학생들이 반발하는 등 절차적 문제가 있다고 판단해 유보하는 태도를 보였다.</p><p> 총학 비대위는 홍보활동과 1인 시위 등을 이어갔고, 지난해 10월 학교 본부 주최로 대토론회가 열려 학내 구성원들끼리 의견을 교환했다. 이후 작년 11월 24일 처장단 회의에서 학교 본부가 모두의 화장실 설계도를 구상하고 공사하기로 했다.</p><p> 김기석 총장은 ""화장실 이용은 사람이 살아가는데 가장 기본적이고 필수적인 요소이나 어떤 사람들에게는 기존 화장실을 이용하기 불편하다는 목소리가 있었다""며 ""비록 소수의 사람이라도 모두의 화장실을 통해 불편함 없이 화장실을 이용할 수 있길 바란다""고 말했다.</p>",성공회대
13,society,우회전하던 버스에…기초의원 출마예정자 치여 숨져," = 경기 평택시의 한 교차로에서 주행 중이던 관광버스에 50대가 치여 사망하는 사고가 났다. </p><p> 경찰에 따르면 15일 오전 7시 20분께 평택시 용이동의 한 교차로에서 우회전하던 관광버스가 횡단보도 옆 보도에서 정당 활동 중이던 A(56) 씨를 들이받았다.</p><p> 버스와 인근에 있던 방음벽 사이에 끼여 크게 다친 A씨는 인근 병원으로 옮겨졌으나 숨졌다.</p><p> A씨는 오는 6월 치러지는 지방선거에서 민주당 평택을 시의원 비례대표 출마를 앞두고 있었던 것으로 전해졌다.</p><p> 경찰 관계자는 ""60대 버스 운전자가 우측 전방에 있던 A씨를 미처 보지 못하고 들이받으면서 사고가 난 것으로 추정하고 있다""며 ""운전자 등을 상대로 정확한 사고 경위를 조사할 방침""이라고 말했다.</p>",민주당
14,society,[이슈 In] 나토는 왜 '흑태양' 휘장의 우크라 여군 트윗을 지웠나," = 북대서양조약기구(NATO·나토)가 세계 여성의날(3월 8일)을 맞아 가슴에 '검은 태양' 휘장을 단 우크라이나 민병대 여군의 사진을 트위터 계정에 올렸다가 급히 삭제한 것으로 알려져 그 배경에 관심이 쏠린다.</p><p> '검은 태양'은 과거 독일 나치 친위대(SS)가 상징으로 사용했던 문양으로 알려졌다.</p><p> 블라디미르 푸틴 러시아 대통령은 이번 우크라이나 침공의 명분 중 하나로 '탈나치화'를 언급한 바 있다.<br/></p><p> ◇ 나토, 네오나치 상징 단 우크라 여군 트윗했다 삭제</p><p> 나토는 지난 8일 공식 트위터 계정에 다양한 우크라이나 여성들의 모습을 담은 사진 4장을 올렸다.</p><p> ""세계 여성의날에 우리는 우크라이나의 놀라운 여성들을 생각한다. 그들의 강인함, 용기, 회복력은 우크라이나 정신의 상징""이라는 글과 함께였다.</p><p> 하지만 나토는 수 시간 뒤 사진을 삭제했다. 가슴에 '검은 태양' 휘장을 단 우크라이나 민병대 복장의 여군 사진이 문제가 됐다.</p><p> 트위터 이용자들은 이 여군이 가슴에 단 휘장이 과거 악명 높은 나치 SS가 비밀스러운 상징으로 사용했던 문양이며, 지금도 우크라이나 네오나치 세력의 상징으로 쓰이고 있다고 비판했다.</p><p> 특히 사진 속 여군이 입고 있는 군복과 휘장은 푸틴 대통령이 '탈나치화'의 표적으로 삼고 있는 우크라이나 '아조프 연대'의 것으로 알려졌다.</p><p> 나토 고위 관리는 실수를 인정하면서 뉴스위크에 ""공식적으로 확인할 수 없는 상징물이 포함된 것을 발견했고 즉시 삭제했다""고 말했다.</p><p> 애초 이 여군 사진은 지난달 중순 우크라이나군 참모본부에 의해 사회관계망서비스(SNS)에 처음 공개됐고, 이후 많은 SNS 이용자들에 의해 널리 확산했다.</p><p> 뉴스위크 일본판에 따르면 '검은 태양'은 요한 묵시록의 해석에 따라 중세 때부터 전해져 내려온 이상국가 '제3 제국'의 문장으로, 나치 SS가 신성시했던 것으로 알려졌으며 나치 제3 제국이 붕괴한 뒤에도 극우세력 사이에 계승됐다.</p><p> 오스트리아 빈 대학의 율리안 슈트루베 조교수는 ""'검은 태양'의 개념은 1950년대에 나치 잔당과 네오나치 세력 사이에 SS의 비밀의식에 참가했던 나치 엘리트 그룹과 그들이 가진 초자연적인 힘과 연관된 것으로 널리 회자됐다""고 말했다.</p><p> 문제는 우크라이나 내에 '검은 태양' 휘장을 달고 다니면서 백인 우월주의와 극단적 민족주의를 신봉하는 네오나치 세력이 암암리에 활동하고 있다는 사실이다.</p><p> 러시아 당국이 공식적으로 언급하기도 한 아조프 연대는 우크라이나 동부의 도네츠크와 루한스크 지역에서 러시아계 주민들에 대한 학살을 자행한 것으로 알려진 네오나치 민병대 조직이다.</p><p> 나토가 이 민병대 소속으로 추정되는 여군 사진을 트윗했다가 황급히 지운 것은 러시아-우크라이나 전쟁을 뚜렷한 선악 구도로 인식하는 대중들의 시각에 부정적 영향을 줄 수 있다고 판단했기 때문으로 풀이된다.</p><p> 우크라이나에서는 2015년에 제정된 법에 따라 나치즘뿐 아니라 공산주의의 상징도 공식 사용을 금지하고 있다.</p><p> 슈트르베 교수는 ""만약 우크라이나인이 아조프 연대가 문양으로 사용하는 '검은 태양' 휘장을 달고 있다면 조직의 일원이나 지지자로 볼 수 있다""고 말했다.<br/></p><p> ◇ 'SS 수장'의 고향에 있던 문양…""네오나치와 백인 우월주의자들이 사용""</p><p> '검은 태양' 문양은 1940년대 나치 제3 제국 시절 독일 북서부의 베벨스부르크성 바닥에 그려져 있던 것으로 알려진다.</p><p> 베벨스부르크는 SS의 수장이던 하인리히 히믈러의 고향이기도 하다.</p><p> 당시 히믈러는 바닥에 '검은 태양' 문양이 새겨진 이 성에서 비밀스러운 종교적 의식을 행했던 것으로 전해진다.</p><p> 오늘날까지 나치의 상징으로 가장 많이 알려진 문장은 '하켄크로이츠'라 불리는 갈고리 십자가지만, 이 상징은 대부분의 서방 국가에서 사용이 금기시되고 있다.</p><p> 반면 '검은 태양'은 일반인들 사이에 그 의미나 유래가 덜 알려진 편이어서 지지자들 사이에 공유가 용이하다고 한다.</p><p> 슈트루베 교수는 ""베벨스부르크성의 장식을 보면 이 상징이 SS와 연관된 것처럼 보이지만 그것이 단지 문양일 뿐인지 아니면 어떠한 의미가 있는지는 확실치 않다""며 ""'검은 태양'의 의미에 대해 다양한 해석이 있지만 지금은 극우 또는 네오나치만이 이 기호를 사용하는 것으로 봐야 한다""고 짚었다.</p><p> 마크 핏캐비지 반인종주의연맹 극단주의센터 선임연구원은 ""'검은 태양'은 많은 문명에 공통된 고대의 상징이며 다양한 변형을 가지고 있다""며 ""'검은 태양'이 나치의 상징으로 널리 사용되지는 않았지만 SS가 그것을 사용했기 때문에 지금은 엘리트의 상징으로 여겨진다""고 설명했다.</p><p> 그는 ""나치의 제3 제국이 붕괴한 뒤 네오나치와 다른 백인 우월주의자들은 나치가 사용하는 많은 상징을 받아들였다""며 ""최근 5∼6년 사이에 '검은 태양'은 백인 우월주의자들 사이에 더 많이 사용되고 있다""고 덧붙였다.</p><p> 나토가 여성의날을 기념하기 위해 올린 트윗에 '검은 태양' 휘장을 단 우크라이나 민병대 여군 사진이 포함됐던 것도 이런 현상과 무관치 않은 것으로 풀이된다.</p><p> 실제로 우크라이나는 나치와 연관된 어두운 역사가 있다.</p><p> 나치 독일 점령 기간이던 1941∼1944년에 스테판 반데라같은 우크라이나의 민족주의자들은 소련으로부터의 독립을 쟁취하기 위해 전략적으로 나치와 손을 잡았다.</p><p> 소련이 붕괴하고 마침내 우크라이나가 독립을 쟁취한 1991년 이후에도 빅토르 유셴코 전 대통령을 비롯한 일부 지도자들은 반데라의 유산을 높이 평가했다.</p><p> 러시아는 2014년 우크라이나에서 일어난 대규모 반정부 시위로 나토 가입을 지지하는 친서방 정권이 수립됐을 때 ""극우 세력에 의해 시위가 주도됐다""고 비판했고, 이는 결국 러시아의 크림반도 병합으로 이어졌다.</p><p> 이처럼 역사적 뿌리가 깊은 우크라이나의 극우 민족주의자 혹은 친나치 세력은 지금도 우크라이나군이나 아조프 연대 같은 준군사 조직에 존재한다고 뉴스위크는 전했다.</p><p> 그러나 우크라이나에 대한 특수군사작전이 우크라이나의 '탈나치화'를 위한 것이라는 푸틴 대통령의 침공 정당화 발언은 '선전'에 불과하다는 것이 그들의 일치된 입장이라고 뉴스위크는 덧붙였다.</p>",우크라이나
15,international,"[우크라 침공]'의용군 자원' 이근, 여권법 위반 고발됐는데…다른 나라에선?","<p> (워싱턴=연합뉴스) 류지복 특파원 = 러시아의 침공을 받은 우크라이나를 돕기 위해 의용군으로 합류하는 것은 국제적으로 합법일까.</p><p> 우크라이나 의용군으로 참여하겠다며 현지로 떠난 해군특수전전단(UDT/SEAL) 대위 출신 이근 씨를 외교부가 여권법 위반 혐의로 경찰에 고발한 뒤 다른 나라의 제도에 관심이 쏠린다.</p><p> 외교부는 이 전 대위가 여행금지 지역인 우크라이나에 예외적 여권사용 허가 없이 입국한 것은 행정 제재 및 형사 처벌 대상이라는 입장이다.</p><p> 로이터통신은 국제 의용군 중에 캐나다, 조지아, 인도, 일본, 영국, 미국 등 다른 나라의 시민권자가 포함돼 있다면서 주요국의 제도를 14일(현지시간) 소개했다.</p><p> 미국의 경우 시민권자가 다른 나라 군대에 복무하는 것을 금지하지 않는다. </p><p> 장교로 근무하거나 미국과 평화 관계인 나라와 싸울 경우 자발적으로 시민권을 포기할 근거가 될 수 있지만, 대법원은 외국 군대 복무 이유만으로 시민권을 박탈할 순 없다는 판결을 내렸다.</p><p> 또 시민권자가 미국과 평화 관계인 나라와 전쟁하는 것을 금지한 1794년 제정된 법이 있고 이 법이 2014년 감비아 쿠데타 시도에 연루된 미국인을 기소하는 데 사용된 적이 있지만, 현대 들어 집행된 적은 거의 없다는 설명이다.</p><p> 아메리칸대 데이비드 말렛 교수는 미국 내 테러와 연관이 없으면 우크라이나 의용군으로 간다는 이유로 기소되는 것을 상상하긴 어렵다고 말했다.</p><p> 영국 외무부는 지난주 제시한 여행 권고문에서 우크라이나 의용군으로 참전할 경우 귀국 시 기소될 수 있다는 입장을 밝혔다.</p><p> 영국 역시 1870년 평화 관계 국가와 싸우기 위해 외국 전쟁에 합류하는 것을 금지한 법을 만들었지만, 현대에 들어서 발생한 분쟁에 적용된 적이 없다고 로이터는 설명했다.</p><p> 영국 외교부는 우크라이나전 초기에 시민의 의용군 자원을 지원하는 목소리를 냈지만, 이후 여행을 하지 말라는 경고로 바뀌었다.</p><p> 스콧 모리슨 호주 총리는 외국 시민권자인 전투원의 법률적 지위에 불확실성이 있다면서 우크라이나 의용군에 합류하지 말 것을 촉구한 바 있다.</p><p> 반면 독일은 의용군으로 지원해도 기소하지 않겠다는 입장을 밝혔고, 덴마크와 라트비아 역시 의용군 지원을 허용하겠다는 뜻을 피력했다.</p><p> 캐나다 국방부는 지원 여부가 개인의 결정이라는 입장을 갖고 있다.</p><p> 그렇다면 의용군으로 참전했다가 러시아군에게 붙잡히면 어떻게 될까.</p><p> 로이터는 국제법상 러시아군이 우크라이나 국제 의용군 역시 국적을 불문하고 전쟁 포로로 대우하고, 음식과 물, 의료 조처를 제공해야 한다고 돼 있다는 전문가 설명을 전했다.</p><p> 그러나 러시아 국방부 대변인은 지난주 외국인 의용군은 합법적 전투원으로 대우받지 않을 것이고, 범죄 기소나 더 나쁜 일에 직면할 수 있다고 경고했다.</p>",우크라이나
16,international,페루 후지모리 전 대통령 손녀 미인대회 입상 놓고 '시끌',"<p> (멕시코시티=연합뉴스) 고미혜 특파원 = 알베르토 후지모리 전 페루 대통령 손녀가 입상한 미인대회를 둘러싸고 페루에서 인터넷을 중심으로 논란이 이어지고 있다.</p><p> 15일(현지시간) 라레푸블리카 등 현지 언론들에 따르면 후지모리 전 대통령의 외손녀 키아라 빌라넬라는 지난 11일 열린 10대 대상 미인대회 '미스 페루 라프레'에서 국제대회 출전이 가능한 최종 4인에 선발됐다.</p><p> 14살인 키아라 빌라넬라는 1990∼2000년 집권한 일본계 후지모리 전 대통령의 장녀이자 유력 보수 정치인인 게이코 후지모리가 미국인 남편 마크 비토 빌라넬라와 낳은 첫째 딸이다.</p><p> 출전 자체로도 화제를 모은 키아라가 최종 입상에 성공하자 인터넷상에선 작지 않은 논란이 일었다. </p><p> 4명의 입상자 중엔 유명 가수와 제작자의 딸도 있었다. 최종 4인 중 3명이 유명인의 딸인 셈이어서 편파 심사 의혹이 나왔다.</p><p> 실제로 최종 결과 발표 후 대회 참가자들이 소셜미디어 등을 통해 잇따라 대회의 공정성에 대한 의문을 제기했다.</p><p> 상위 10위권에 들지 못한 카밀라 에르난데스 마세라는 ""안타깝게도 모든 게 정해져 있었다. 믿고 싶지도, 받아들이고 싶지도 않았지만 사실이었다""고 말했다.</p><p> 그는 ""손 하나 까딱하지 않은 참가자들이 있다""며 ""노력한 참가자들이 있는 반면에 아무것도 하지 않고도 거기까지 간 이들도 있다""고 꼬집었다.</p><p> 다른 참가자도 ""카밀라뿐 아니라 참가자 다수가 그렇게 생각한다. 카밀라를 지지한다""고 했고, 또 다른 참가자도 최종 4인 중 2명은 도전 과제를 제대로 수행하지 않았다고 주장했다.</p><p> 주최 측의 부인에도 논란이 가라앉지 않으면서 입상자들에 대한 공격도 이어졌다.</p><p> 특히 후지모리 전 대통령이 인권 범죄 등으로 수감 중이고 게이코 후지모리 역시 부패 혐의를 받아왔다는 점에서 키아라에게 인신공격이 가해지기도 했다.</p><p> 그러나 일부 인터넷 이용자들은 대회를 비판할 수는 있어도 누구의 가족이라는 이유로 미성년자를 공격해선 안 된다고 지적한다고 중남미 매체인 인포바에는 전했다. </p><p> mihye@yna.co.kr</p>",페루
17,international,"'맨발로 밟고, 담배꽁초 버리고' 중국 절임식품 또 위생 논란","<p> (베이징=연합뉴스) 김진방 특파원 = 지난해 상의를 벗고 배추를 절이는 영상이 유출돼 '알몸 배추' 논란이 일었던 중국에서 또다시 비위생적인 환경에서 절임 식품이 제조되는 장면이 소비자 고발 프로그램에 의해 폭로됐다.</p><p> 관영 중앙(CC)TV는 지난 15일 소비자의 날을 맞아 방영하는 고발 프로그램 '3·15 완후이(晩會)'에서 후난성의 한 쏸차이(酸菜) 제조공장의 비위생적인 생산 과정을 방영했다.</p><p> 쏸차이는 중국 절임식품의 하나로 갓이나 배추를 소금 등 양념과 향신료를 이용해 절인 뒤 발효시키는 식품이다.</p><p> 중국인이 즐겨 먹는 식자재로 쏸차이 컵라면 등이 중국 전역에서 소비되며, 해외로도 수출된다.</p><p> 이날 폭로된 영상에는 쏸차이를 만드는 과정에서 직원들이 맨발인 채로 쏸차이 절임 통에 들어가고, 피우던 담배꽁초를 버리는 등 비위생적인 모습이 담겼다.</p><p> 또 포장하기 전 쏸차이를 비닐봉지나 포대에 담아 방치하고, 일부는 더러운 바닥에 그대로 쌓아두기도 했다.</p><p> CCTV는 이 업체 외에도 제조 환경이 비슷한 다른 쏸차이 제조 업체 3곳도 함께 공개했다.</p><p> 이 업체들은 중국 유명 식품 브랜드인 캉스푸(康師傅)를 비롯해 주요 식품 기업과 상하이, 후베이, 쓰촨 등 전국 식품 유통회사에 쏸차이를 납품해 온 것으로 드러났다.</p><p> 업체 관계자는 ""규격화한 절임 작업장이 있어 그곳에서 생산되는 쏸차이는 불순물이 거의 없지만, 모두 수출용 제품""이라며 ""제조 환경이 좋지 않은 곳에서 생산된 쏸차이는 불순물이 섞일 수 있지만, 발각이 되도 1천∼2천위안(19만∼38만원 상당)의 벌금을 물면 된다""고 말했다.</p><p> 캉스푸 측은 방송 이후 성명을 통해 ""문제가 된 업체와 모든 협력 관계를 중단하고, 문제가 된 쏸차이가 사용된 제품을 모두 봉인했다""면서 ""식품 관리 당국의 조사에 적극적으로 협력하고 있다. 이번 사건으로 소비자의 신뢰를 저버린 점에 깊이 사죄드린다""고 밝혔다.</p><p> 중국 네티즌들은 관련 소식이 전해지자 ""어제도 쏸차이 컵라면을 먹었는데 생각만 해도 토가 나온다"", ""언제까지 식품 위생을 걱정해야 하나"", ""매년 주기적으로 비슷한 문제가 나오는 데 대책 마련이 필요하다"" 등 비난의 목소리를 높였다.</p><p> 앞서 중국에서는 지난해 3월 비위생적인 환경에서 절임 배추를 제조하는 모습이 담긴 영상을 두고 논란이 일어나자 식약처가 ""수출용이 아님을 확인했다""고 설명하기도 했다.</p><p> 당시 영상에는 포크레인으로 배추를 운반하거나 상의를 벗은 남성이 구덩이에 들어가 배추를 절이는 장면이 등장해 수입 김치 소비자들에게 충격을 줬다.<br/></p>",중국
18,international,[이슈 In] 나토는 왜 '흑태양' 휘장의 우크라 여군 트윗을 지웠나," = 북대서양조약기구(NATO·나토)가 세계 여성의날(3월 8일)을 맞아 가슴에 '검은 태양' 휘장을 단 우크라이나 민병대 여군의 사진을 트위터 계정에 올렸다가 급히 삭제한 것으로 알려져 그 배경에 관심이 쏠린다.</p><p> '검은 태양'은 과거 독일 나치 친위대(SS)가 상징으로 사용했던 문양으로 알려졌다.</p><p> 블라디미르 푸틴 러시아 대통령은 이번 우크라이나 침공의 명분 중 하나로 '탈나치화'를 언급한 바 있다.<br/></p><p> ◇ 나토, 네오나치 상징 단 우크라 여군 트윗했다 삭제</p><p> 나토는 지난 8일 공식 트위터 계정에 다양한 우크라이나 여성들의 모습을 담은 사진 4장을 올렸다.</p><p> ""세계 여성의날에 우리는 우크라이나의 놀라운 여성들을 생각한다. 그들의 강인함, 용기, 회복력은 우크라이나 정신의 상징""이라는 글과 함께였다.</p><p> 하지만 나토는 수 시간 뒤 사진을 삭제했다. 가슴에 '검은 태양' 휘장을 단 우크라이나 민병대 복장의 여군 사진이 문제가 됐다.</p><p> 트위터 이용자들은 이 여군이 가슴에 단 휘장이 과거 악명 높은 나치 SS가 비밀스러운 상징으로 사용했던 문양이며, 지금도 우크라이나 네오나치 세력의 상징으로 쓰이고 있다고 비판했다.</p><p> 특히 사진 속 여군이 입고 있는 군복과 휘장은 푸틴 대통령이 '탈나치화'의 표적으로 삼고 있는 우크라이나 '아조프 연대'의 것으로 알려졌다.</p><p> 나토 고위 관리는 실수를 인정하면서 뉴스위크에 ""공식적으로 확인할 수 없는 상징물이 포함된 것을 발견했고 즉시 삭제했다""고 말했다.</p><p> 애초 이 여군 사진은 지난달 중순 우크라이나군 참모본부에 의해 사회관계망서비스(SNS)에 처음 공개됐고, 이후 많은 SNS 이용자들에 의해 널리 확산했다.</p><p> 뉴스위크 일본판에 따르면 '검은 태양'은 요한 묵시록의 해석에 따라 중세 때부터 전해져 내려온 이상국가 '제3 제국'의 문장으로, 나치 SS가 신성시했던 것으로 알려졌으며 나치 제3 제국이 붕괴한 뒤에도 극우세력 사이에 계승됐다.</p><p> 오스트리아 빈 대학의 율리안 슈트루베 조교수는 ""'검은 태양'의 개념은 1950년대에 나치 잔당과 네오나치 세력 사이에 SS의 비밀의식에 참가했던 나치 엘리트 그룹과 그들이 가진 초자연적인 힘과 연관된 것으로 널리 회자됐다""고 말했다.</p><p> 문제는 우크라이나 내에 '검은 태양' 휘장을 달고 다니면서 백인 우월주의와 극단적 민족주의를 신봉하는 네오나치 세력이 암암리에 활동하고 있다는 사실이다.</p><p> 러시아 당국이 공식적으로 언급하기도 한 아조프 연대는 우크라이나 동부의 도네츠크와 루한스크 지역에서 러시아계 주민들에 대한 학살을 자행한 것으로 알려진 네오나치 민병대 조직이다.</p><p> 나토가 이 민병대 소속으로 추정되는 여군 사진을 트윗했다가 황급히 지운 것은 러시아-우크라이나 전쟁을 뚜렷한 선악 구도로 인식하는 대중들의 시각에 부정적 영향을 줄 수 있다고 판단했기 때문으로 풀이된다.</p><p> 우크라이나에서는 2015년에 제정된 법에 따라 나치즘뿐 아니라 공산주의의 상징도 공식 사용을 금지하고 있다.</p><p> 슈트르베 교수는 ""만약 우크라이나인이 아조프 연대가 문양으로 사용하는 '검은 태양' 휘장을 달고 있다면 조직의 일원이나 지지자로 볼 수 있다""고 말했다.<br/></p><p> ◇ 'SS 수장'의 고향에 있던 문양…""네오나치와 백인 우월주의자들이 사용""</p><p> '검은 태양' 문양은 1940년대 나치 제3 제국 시절 독일 북서부의 베벨스부르크성 바닥에 그려져 있던 것으로 알려진다.</p><p> 베벨스부르크는 SS의 수장이던 하인리히 히믈러의 고향이기도 하다.</p><p> 당시 히믈러는 바닥에 '검은 태양' 문양이 새겨진 이 성에서 비밀스러운 종교적 의식을 행했던 것으로 전해진다.</p><p> 오늘날까지 나치의 상징으로 가장 많이 알려진 문장은 '하켄크로이츠'라 불리는 갈고리 십자가지만, 이 상징은 대부분의 서방 국가에서 사용이 금기시되고 있다.</p><p> 반면 '검은 태양'은 일반인들 사이에 그 의미나 유래가 덜 알려진 편이어서 지지자들 사이에 공유가 용이하다고 한다.</p><p> 슈트루베 교수는 ""베벨스부르크성의 장식을 보면 이 상징이 SS와 연관된 것처럼 보이지만 그것이 단지 문양일 뿐인지 아니면 어떠한 의미가 있는지는 확실치 않다""며 ""'검은 태양'의 의미에 대해 다양한 해석이 있지만 지금은 극우 또는 네오나치만이 이 기호를 사용하는 것으로 봐야 한다""고 짚었다.</p><p> 마크 핏캐비지 반인종주의연맹 극단주의센터 선임연구원은 ""'검은 태양'은 많은 문명에 공통된 고대의 상징이며 다양한 변형을 가지고 있다""며 ""'검은 태양'이 나치의 상징으로 널리 사용되지는 않았지만 SS가 그것을 사용했기 때문에 지금은 엘리트의 상징으로 여겨진다""고 설명했다.</p><p> 그는 ""나치의 제3 제국이 붕괴한 뒤 네오나치와 다른 백인 우월주의자들은 나치가 사용하는 많은 상징을 받아들였다""며 ""최근 5∼6년 사이에 '검은 태양'은 백인 우월주의자들 사이에 더 많이 사용되고 있다""고 덧붙였다.</p><p> 나토가 여성의날을 기념하기 위해 올린 트윗에 '검은 태양' 휘장을 단 우크라이나 민병대 여군 사진이 포함됐던 것도 이런 현상과 무관치 않은 것으로 풀이된다.</p><p> 실제로 우크라이나는 나치와 연관된 어두운 역사가 있다.</p><p> 나치 독일 점령 기간이던 1941∼1944년에 스테판 반데라같은 우크라이나의 민족주의자들은 소련으로부터의 독립을 쟁취하기 위해 전략적으로 나치와 손을 잡았다.</p><p> 소련이 붕괴하고 마침내 우크라이나가 독립을 쟁취한 1991년 이후에도 빅토르 유셴코 전 대통령을 비롯한 일부 지도자들은 반데라의 유산을 높이 평가했다.</p><p> 러시아는 2014년 우크라이나에서 일어난 대규모 반정부 시위로 나토 가입을 지지하는 친서방 정권이 수립됐을 때 ""극우 세력에 의해 시위가 주도됐다""고 비판했고, 이는 결국 러시아의 크림반도 병합으로 이어졌다.</p><p> 이처럼 역사적 뿌리가 깊은 우크라이나의 극우 민족주의자 혹은 친나치 세력은 지금도 우크라이나군이나 아조프 연대 같은 준군사 조직에 존재한다고 뉴스위크는 전했다.</p><p> 그러나 우크라이나에 대한 특수군사작전이 우크라이나의 '탈나치화'를 위한 것이라는 푸틴 대통령의 침공 정당화 발언은 '선전'에 불과하다는 것이 그들의 일치된 입장이라고 뉴스위크는 덧붙였다.</p>",우크라이나
19,international,[우크라 침공] '탱크의 종언'…미사일·드론 발달로 '손쉬운 먹잇감' 돼,"<p> (파리=연합뉴스) 추왕훈 특파원 = 지상전에서 가장 중요한 무기로 주목받던 탱크가 우크라이나 전쟁을 계기로 효용 가치를 의심받게 됐다고 텔레그래프가 14일(현지시간) 보도했다.</p><p> 텔레그래프는 지난 3주간 신문과 TV는 연일 만신창이가 되거나 파괴된 러시아군 탱크의 사진과 영상으로 도배되다시피 해 탱크에는 좋지 않은 광고가 됐다고 지적했다.</p><p> 실제로 탱크를 비롯한 러시아군 차량이 길가에 방치되거나 키이우(키예프)로 향하는 길의 진흙탕에 빠져 오도 가도 못하는 모습, 심지어 주인 잃은 러시아군 장갑차를 우크라이나 농부들이 트랙터로 견인하는 모습은 코미디를 연상케 했다.</p><p> 웃을 수 없는 섬뜩한 이미지도 많았다. 불에 그을리거나 연기가 피어오르는 탱크, 날아가 버린 포탑, 파편 조각으로 변해 버린 장갑차 사진 같은 것들이다.</p><p> 영하 20도의 강추위 속에서 러시아 전차병들이 탱크 안에서 동사했다는 보도도 나왔다. 개전 이래 러시아군이 상실한 탱크는 최대 200대에 이르는 것으로 알려졌다. </p><p> 일부 전문가는 이처럼 러시아의 탱크들이 제 역할을 못 한 원인으로 러시아군의 잘못된 전술을 꼽았다. 제공권을 우선 확보하고 포병 전력과 유기적으로 결합해야 탱크의 위력이 발휘될 수 있는데 그러지 못했다는 것이다.</p><p> 그보다 더욱 중요한 것은 우크라이나군이 눈부시게 발전한 대전차 무기들을 다량으로 확보하고 있었다는 점이다.</p><p> 러시아의 침공 전후로 영국이 우크라이나에 지원한 대전차 미사일 발사 장비 NLAW는 3천615대에 이른다. 미국과 스웨덴 등도 재블린 대전차 미사일과 발사 장치를 제공했다.<br/></p><p> 대전차 무기는 미사일이 공중에서 수직으로 탱크에 꽂히도록 하거나 탱크 바로 위에서 터지도록 해 가장 취약한 회전포탑을 손쉽게 파괴한다. 사거리도 최소 800ｍ 이상이어서 적 탱크가 미처 눈치채지 못한 사이에 미사일을 발사하고 반격을 당하기 전에 다른 곳으로 이동하기에 충분한 시간을 벌 수 있다.</p><p> 병사들이 손쉽게 휴대할 수 있고 조작하기도 쉬운데다 가격은 10만 달러 정도여서 보통 탱크의 100분의 1에 불과하다.</p><p> 군사용 드론도 탱크에는 위협적이다. 이미 지난 2020년 아르메니아-아제르바이잔 전쟁에서 드론이 '탱크 킬러'가 될 수 있다는 사실이 널리 입증됐고 우크라이나 전쟁은 이를 재확인한 셈이다.</p><p> 전장에서 병력을 보호하기 위한 장갑차는 언제나 필요하겠지만 포를 장착한 대형 탱크는 이제 구시대의 유물이 될 것이라고 많은 전문가가 지적한다.</p><p> 실제로 지난해 영국 국방부는 신형 탱크 챌린저3을 148대만 인도받겠다고 발표했는데 이는 이미 폐기된 탱크보다 적은 물량이다. 미국 육군은 여전히 많은 탱크를 보유하고 있지만, 해병대는 지난 2020년 탱크를 더는 사용하지 않고 로켓포와 드론 등 하이테크 장비에 집중하겠다는 방침을 밝힌 바 있다.</p><p> 방위 컨설턴트 니컬러스 드러먼드는 ""탱크가 2차대전 때 대형 전함이 겪었던 운명을 답습할 가능성이 있다""고 진단했다. 2차대전 초기까지만 해도 각국 해군 전력의 핵심이었던 대형 전함은 막상 대규모 해전에서 전투기와 잠수함의 공격에 취약한 것으로 드러나 역사의 뒤안길로 사라졌다.</p>",우크라이나
20,sports,"2022년 새 역사 쓰는 우상혁, 도전의 출발선은 세계실내육상"," = '스마일 점퍼' 우상혁(26·국군체육부대)은 20세기에 멈춰 있던 한국 육상을 21세기로 인도한 주인공이다. 2021년 도쿄올림픽에서 시작한 우상혁의 세계 정상 도전은 2022년에 더 속도를 낼 전망이다. </p><p> 2022년 위대한 도전의 출발선은 세계실내육상선수권대회다. </p><p> 그동안 세계실내육상선수권대회는 한국 팬들로부터 큰 관심을 얻지 못했다. </p><p> 하지만 현지시간으로 18일부터 20일까지 세르비아 베오그라드에서 열리는 세계실내육상선수권대회에서는 우상혁 덕분에 한국 선수의 우승도 기대할 수 있다. </p><p> 우상혁은 한국시간 20일 오후 6시45분, 남자 높이뛰기 결선에 출전해 한국 육상 새 역사에 도전한다. </p><p> 세계실내육상선수권대회에 한국 선수가 출전하는 건 2012년 터키 이스탄불 대회에 나섰던 이연경(허들 여자 60ｍ) 이후 10년 만이다. </p><p> 세계실내육상선수권대회 한국 선수의 최고 순위는 1995년 바르셀로나 대회 남자 400ｍ에서 손주일이 달성한 '5위'다. </p><p> '2022시즌 세계 랭킹 1위' 우상혁은 손주일의 '한국인 최고 순위'를 넘어 한국인 최초 메달 획득, 나아가 우승까지도 넘본다.<br/></p><p> 지난해 우상혁은 한국 육상 역사에 길이 남을 기록을 남겼다.</p><p> 우상혁은 지난해 도쿄올림픽에서 2ｍ35의 한국 신기록을 세우며 4위를 차지했다.</p><p> 한국 육상 트랙&amp;필드를 막고 있던 '올림픽 8위의 벽'을 깬 놀라운 성과였다.</p><p> 1996년 이진택은 예선에서 2ｍ28을 넘어 결선에 진출했고, 결선에서는 2ｍ29를 뛰어넘어 8위에 올랐다. </p><p> 우상혁이 도쿄를 발판 삼아 뛰어오르기 전까지, 한국 육상 트랙&amp;필드의 올림픽 최고 순위다. </p><p> 도로 종목인 마라톤에서는 1992년 바르셀로나에서 황영조(금메달), 1996년 애틀랜타에서 이봉주(은메달)가 메달을 땄다. </p><p> 한국 육상은 1996년 이후 점점 세계의 벽과 멀어졌지만, 우상혁은 힘찬 도약으로 굳게 닫혔던 세계 정상권으로 향하는 길의 문을 활짝 열었다. <br/></p><p> 올해 우상혁은 더 높이 날았다. </p><p> 2월 6일 체코 후스토페체에서 2ｍ36을 뛰어 자신이 도쿄올림픽에서 세운 한국기록(2ｍ35)을 바꾸더니, 2월 16일 슬로바키아 반스카 비스트리차에서 열린 실내 육상대회에서는 2ｍ35를 넘어 우승했다.</p><p> 2022년 2ｍ35 이상을 성공한 선수는 우상혁뿐이다. </p><p> 세계육상연맹도 베오그라드 대회 남자 높이뛰기를 전망하며 우상혁을 우승 후보 1순위로 지목했다. </p><p> 도쿄올림픽 '공동 금메달리스트' 장마르코 탬베리(이탈리아)가 우상혁의 경쟁 상대로 꼽힌다. 하지만, 탬베리는 올해 단 한 번도 공식 대회에 출전하지 않아 경기력에 물음표가 달렸다. </p><p> '현역 최고 점퍼'이자, 도쿄올림픽에서 탬베리와 함께 2ｍ37로 공동 1위에 오른 무타즈 에사 바심(카타르)은 이번 대회에 출전하지 않는다. <br/></p><p> 우상혁은 올해 여름과 가을에도 도전을 이어간다. </p><p> 우상혁은 도쿄올림픽에서 세계선수권대회 기준 기록(2ｍ33)을 통과해, 2022년 7월 15일 미국 오리건주 유진에서 개막하는 세계육상선수권대회 출전권을 확보했다. </p><p> 한국 선수 중 실외 경기 세계육상선수권대회에서 메달을 딴 선수는 경보 종목의 김현섭, 단 한 명뿐이다. </p><p> 김현섭은 2011년 대구세계육상선수권대회 남자 20㎞ 경보 결선에서 1시간21분17초로 6위로 결승선을 통과했지만, 이후 도핑 재검사에서 금지약물성분이 검출된 선수가 대거 나오면서 3위로 올라섰다. </p><p> 세계육상연맹은 도하 세계육상선수권이 진행 중이던 2019년 10월 1일 '2011년 대구 세계선수권 남자 20㎞ 경보 동메달 시상식'을 열고 김현섭에게 동메달을 전달했다. </p><p> 우상혁이 올해 7월 유진에서 시상대에 서면, 한국 육상 두 번째 세계육상선수권 메달리스트가 된다. 1위 또는 2위에 오르면 한국 선수 최고 성적을 작성한다. </p><p> 오는 9월에는 항저우 아시안게임이 열린다. </p><p> 우상혁은 2018년 자카르타·팔렘방 아시안게임에서 은메달을 수확했다. </p><p> 4년 사이 부쩍 잘나가는 우상혁 덕에 한국 육상은 항저우에서 이진택(1998년 방콕·2002년 부산 대회 우승) 이후 20년 만에 남자 높이뛰기 금메달 획득을 노린다. </p>",우상혁
21,sports,"영화감독 캠피언, 테니스 여제 윌리엄스 자매 훈계했다가 사과"," = 올해 아카데미상 감독상 유력 후보로 거론되는 제인 캠피언 감독이 흑인 테니스 스타 윌리엄스 자매에게 훈계하는 듯한 발언을 했다가 사과했다.</p><p> 캠피언 감독은 15일(이하 현지시간) 낸 사과문에서 ""내가 영화계에서 한 일과 윌리엄스 자매가 이룬 것들을 동일시하는, 생각 없는 발언을 한 것 같다""고 적었다.</p><p> 캠피언 감독은 지난 13일 미국 로스앤젤레스에서 열린 크리틱스 초이스 어워드에서 문제의 발언을 했다.</p><p> 그는 영화 '파워 오브 도그'로 최우수 감독상과 최우수 작품상을 수상한 뒤 소감을 밝혔는데, 마침 시상식장에는 윌리엄스 자매가 참석해 있었다. </p><p> 캠피언 감독은 윌리엄스 자매를 향해 ""나처럼 남자들과 경기를 하지는 마라""고 농담조로 말했다. </p><p> 이 발언을 두고 SNS에서는 논란이 일었다. 당시 억지로 웃는 표정을 지은 비너스 윌리엄스의 모습이 담긴 영상과 함께 캠피언 감독을 비판하는 글이 줄을 이었다.</p>는 트위터에서 ""뉴질랜드 연극 연출가와 여배우의 딸로 태어난 캠피언이 명망 있는 집안에서 백인으로 태어나 겪는 어려움에 대해 흑인인 윌리엄스 자매에게 가르침을 주려고 했다""며 비판했다. </p><p> 윌리엄스 자매는 백인이 지배하다시피 하던 여자 테니스계를 압도적인 실력으로 제패한 '레전드'다. </p><p> 자매가 메이저 대회 우승컵을 들어 올린 횟수는 총 30차례나 된다.</p><p> 특히, 동생인 세리나 윌리엄스는 프로 선수들의 메이저 대회 출전이 허용된 1968년 이후 메이저 최다 23회 우승 기록을 보유하고 있다. 1990년대 후반부터 20년 동안 정상급 실력을 유지해왔다. </p><p> 캠피언 감독은 사과문에서 ""전설적인 흑인 자매와 다른 정상급 선수들을 평가 절하할 의도는 없었다""면서 ""사실 윌리엄스 자매는 코트에서 남자들과 싸우며 여성에 닫혔던 문을 열고 장애물을 걷어냈다""고 적었다.</p><p> 윌리엄스 자매는 자신들의 아버지를 다룬 영화 '킹 리처드' 홍보를 위해 크리틱스 초이스 어워드 시상식에 참석했다.</p><p> 영화에는 빈민가 출신인 리처드 윌리엄스가 온갖 난관을 이겨내고 딸들을 '테니스 여제'로 키워내는 과정이 담겼다. </p><p> 리처드 역할을 맡은 윌 스미스는 이 시상식에서 남우주연상을 받았다. </p><p> 캠피언 감독의 파워 오브 도그는 27일 시상식이 열리는 미국 아카데미상에서 12개 부문 후보로 올라있다. </p>",윌리엄스
22,sports,"지명타자 싫다는 푸이그…홍원기 ""공격·수비 다 하고싶어해"""," = 지명타자로 더그아웃에 있는 게 '야생마' 야시엘 푸이그(32·키움 히어로즈)에게는 말뚝에 묶인 느낌이 들었던 모양이다.</p><p> 푸이그는 지난 14일 서울 고척스카이돔에서 열린 LG 트윈스와의 시범경기에 4번 지명타자로 출전했다. </p><p> 앞서 두산 베어스와의 2차례 시범경기에서 우익수로 나섰던 푸이그는 이날 체력 안배 차원에서 지명타자로 나섰다.</p><p> 푸이그는 달가워하지 않았다. </p><p> 홍원기 키움 감독은 15일 같은 장소에서 열리는 LG전을 앞두고 ""어제 푸이그가 타격하고 더그아웃에 들어와서 뭘 해야 할지 모르는 거 같더라. 경기 전후로 얘기를 했는데, 지명타자로 뛰는 것에 회의적인 반응이더라""고 말했다.</p><p> 2013년 빅리그에 데뷔한 푸이그는 지명타자 제도가 없는 내셔널리그 소속인 로스앤젤레스 다저스에서 6시즌을 뛰었다. </p><p> 2019년 내셔널리그 신시내티 레즈에서 뛴 푸이그는 그해 지명타자 제도가 있는 아메리칸리그 클리블랜드 인디언스(현 클리블랜드 가디언스)로 팀을 옮겼다.</p><p> 푸이그는 메이저리그에서 7시즌 통산 861경기를 뛰었는데, 지명타자로 출전한 것은 2014년 인터리그와 2019년 클리블랜드에서 각각 한 차례씩 2경기가 전부다.</p><p> 지명타자로 뛴 적이 극히 적고, 체질적으로도 지명타자가 맞지 않는 듯 푸이그는 수비를 같이하게 해달라고 홍 감독을 졸랐다.</p><p> 홍 감독은 ""푸이그가 메이저리그에서는 더 많은 경기를 수비로 뛰고, 수비에 이은 공격 루틴인지 몰라도 공격과 수비 모두 하고 싶다고 한다""며 ""푸이그가 144경기 모두 수비를 나가면 고마운 일이다. 본인이 체력은 자신 있다고 하니 시범경기를 통해 푸이그의 지명타자 출전은 생각해보겠다""고 말했다.</p><p> 푸이그는 전날 LG와 시범경기에서 2타수 무안타를 기록한 뒤 이지영으로 교체됐다. </p><p> 푸이그는 시범경기 3경기에서 7타수 1안타(타율 0.143)를 기록 중이다. 홍 감독은 ""아직 적응하는 단계라고 본다""고 말했다.</p><p> 푸이그는 이날 경기에서 4번 타자 우익수로 선발 출전한다. </p>",푸이그
23,sports,"'역대 두 번째 은퇴투어' 롯데 이대호 ""멋진 추억 나누고 싶어"""," = 이대호(40·롯데 자이언츠)가 행복하게 떠날 수 있게 배려해준 모든 이들에게 감사 인사를 전했다.</p><p> 이대호는 15일 자신의 인스타그램에 글을 올려 KBO리그 역대 두 번째 은퇴 투어의 주인공이 된 데 대해 소감을 밝혔다. </p><p> 그는 ""은퇴를 하겠다 말씀드린 그 날부터, 지금도 앞으로도 팬분들에게 어떻게 감사함을 전달해드릴 수 있나 하는 마음뿐이었다""며 ""은퇴 투어를 할 수 있게 배려해주신 KBO와 각 구단 분들에게 감사드린다""고 말했다.</p><p> 이어 ""특히 저를 사랑해 주시는 팬분들과 KBO 모든 구단의 팬들께도 감사드리며 올 시즌 잘 준비해서 멋진 추억과 함께 나눌 수 있는 시간이 되실 수 있도록 노력하겠다. 감사하다""고 덧붙였다.</p><p> KBO는 올 시즌을 마친 뒤 은퇴할 예정인 이대호에 대해 은퇴 투어를 열기로 10개 구단이 합의했다고 전날 발표했다. </p><p> KBO는 ""이대호가 그동안 KBO리그와 국제대회에서 활약했던 공로를 존중한 결정""이라고 설명했다. </p><p> 은퇴 투어는 2017년 '국민 타자' 이승엽(전 삼성 라이온즈) KBO 홍보대사에 이어 역대 두 번째다.</p><p> 2001년 경남고를 졸업하고 프로에 뛰어든 이대호는 투수에서 타자로 포지션을 변경한 뒤 2004년부터 롯데의 중심 타자로 활약했다. </p><p> 2010년에는 도루를 제외한 타격 7개 부문에서 1위를 싹쓸이해 전무후무한 '타격 7관왕'에 올랐다. </p><p> 2012년엔 일본프로야구로 진출해 리그 정상급 타자로 활약했고, 2015년엔 소프트뱅크 호크스의 일본 시리즈 우승을 견인해 한국인 최초 일본 시리즈 최우수선수(MVP)로 뽑혔다. </p><p> 2016년엔 미국프로야구 시애틀 매리너스에서 뛰었고 이듬해 '친정팀' 롯데로 복귀했다.</p><p> 국제 대회에선 2008년 베이징 올림픽 금메달과 2015년 야구 국가대항전 '프리미어12' 우승 등을 이끌어 '조선의 4번 타자'로 불렸다.</p><p> 이대호가 올 시즌을 끝으로 은퇴를 선언하자 팬들 사이에서는 은퇴 투어에 관한 갑론을박이 있었다. </p><p> 이대호는 논란에 부담을 느끼며 고사했지만 리그 차원에서 은퇴 투어를 마련하기로 뜻을 모았다.</p><p> 특히 이대호의 동갑내기 친구인 추신수(SSG 랜더스)는 ""이대호 같은 선수가 은퇴할 때 박수를 받지 못하면 누가 받을 수 있을지 의문""이라는 소신 발언으로 반대 목소리에 맞섰다. </p><p> 이승엽도 거들었다. 이승엽은 이대호의 은퇴 투어가 확정되자 자신의 소셜미디어(SNS) 계정에 베이징올림픽에서 이대호와 함께 찍은 사진을 올리며 ""KBO와 10개 구단의 결정에 감사드린다. 대호야, 올 시즌 후회 없이 마무리 잘하자""고 덕담을 건넸다.</p><p> 이승엽은 또 ""여러분들도 이대호 선수 많은 응원 부탁드린다. 기분조~~타""라고 자기 일처럼 기뻐했다. </p><p> 이에 이대호는 ""승엽이 형 감사드립니다. 저도 후배들에게 귀감이 되는 선배가 되겠습니다""라고 고마운 마음을 전했다.</p>",이대호
24,sports,"프로야구 SSG 김광현, 올해 연봉 무려 '81억원'"," = 3년 만에 한국프로야구로 돌아온 왼손 투수 김광현(34·SSG 랜더스)이 입이 쩍 벌어질 정도의 연봉을 받는다.</p><p> 류선규 SSG 단장은 16일 인천 오라카이송도파크호텔에서 김광현의 입단식을 앞두고 ""올해 김광현의 연봉이 81억원""이라며 ""구단이 김광현에게 KBO리그 최고 대우를 약속했고, 비(非) 자유계약선수(FA) 다년 계약으로 계약금이 없는 점을 고려했다""고 설명했다.</p><p> 이는 역대 KBO리그 1위인 SSG 베테랑 타자 추신수(40)가 받는 올해 연봉 27억원의 3배에 달한다.</p><p> 김광현은 지난 8일 SSG와 연봉 131억원, 옵션 20억원 등 4년 총액 151억원에 계약해 이대호(롯데 자이언츠)와 나성범(KIA 타이거즈)이 공동으로 보유한 역대 최대 계약 규모(총액 150억원)를 1억원 경신하는 신기록을 썼다.</p><p> 옵션을 다 받는다고 가정할 때 김광현의 평균 연봉은 37억7천500만원으로 추신수의 연봉을 크게 추월할 예정이었다.</p><p> SSG 구단의 발표에 따라 김광현은 보장된 연봉 131억원의 62%에 달하는 81억원을 올해 한 번에 받고 나머지 50억원은 3년에 나눠 수령한다. </p><p> 비 FA 계약으로 계약금이 없다지만, SSG는 앞으로 수년간 구단 운영비 등을 계산해 계약금 성격의 거액을 연봉으로 책정해 올해 김광현에게 주기로 했다.</p>",프로야구
25,entertainment,"[우크라 침공] 이근, 사망설에 ""가짜뉴스 그만…지금 돌아갈 수 없어""(종합)"," = 우크라이나 의용군으로 참여하겠다며 현지로 떠난 해군특수전전단(UDT/SEAL) 대위 출신 이근 씨가 사회관계망서비스(SNS)에 생존 소식을 올렸다.</p><p> 이 전 대위는 15일 자신의 인스타그램에 ""살아 있다""는 내용의 글을 올리며, 최근 돌았던 사망설을 의식한 듯 ""가짜뉴스 그만 만들라""고 밝혔다.</p><p> 그의 사망설은 러시아가 우크라이나 서부지역 훈련기지를 공습해 외국인 용병 약 180명을 제거했다고 주장하면서 불거졌다. </p><p> 이 전 대위는 대원들은 우크라이나에서 안전하게 철수했고, 혼자만 우크라아니에 남아있다고 밝혔다. </p><p> 그는 ""할 일이 많다""며 ""매일 전투하느라 바쁘다. 임수 수행 완료까지 소식이 없을 것""이라고 했다.</p><p> 이 내용은 얼마 뒤 삭제됐으며, 우크라이나 출국 전후 올린 다른 사진도 모두 지워진 상태다. </p><p> 이후 이 전 대위는 자신의 위치를 확인해주면 재외국민 보호를 요청하겠다며 서울경찰청 관계자가 보낸 메시지 캡처 사진을 추가로 올리고 ""외교부, 경찰청, 국민 여러분 모두 걱정해주셔서 감사하지만 제가 지금 한국으로 돌아갈 수 없다""고 말했다. </p><p> 이어 ""현장 상황이 많이 심각하고, 모든 파이터들이 철수하면 여기 더 이상 남을게 없을 것""이라며 ""최선을 다해 우크라이나를 도와드리겠다""고 했다. </p><p> 또 '여행금지' 지역으로 지정된 우크라이나에 무단 입국해 여권이 무효화될 수 있다는 우려와 관련해 ""저의 여권은 아직 무효화 안 됐으니 걱정하지 말라. 무효화되도 입국은 언제나 가능하다""고 언급했다.</p><p> 외교부는 지난 8일 이 전 대위에 대해 여권법에 따른 행정제재를 진행 중이며 형사고발도 추진하겠다고 밝힌 바 있다.</p><p> 이 전 대위는 또 자신과 일행이 폴란드로 재입국하려다 거절당하고, 국경에 계류중 이라는 일부 언론 보도에 ""국경 근처에 간 적이 없고, 대원들과는 최전방에서 헤어졌다""고 반박했다.</p><p> aeran@yna.co.kr</p>",이근
26,entertainment,entertainment 분야의 2번째 기사 진입실패,entertainment 분야의 2번째 기사 진입실패,기상청
27,entertainment,"황정음, 둘째아들 출산…""산모와 아이 모두 건강"""," = 배우 황정음이 둘째 아들을 얻었다.</p><p> 황정음 소속사 씨제스엔터테인먼트는 16일 ""황정음이 오늘 오전 둘째 아들을 출산했다""며 ""산모와 아이는 모두 건강하다""고 밝혔다.</p><p> 2016년 프로골퍼 출신 사업가 이영돈과 결혼한 황정음은 이듬해 2월 첫째 아들을 출산했으나 2020년 이혼 절차를 밟기 위해 조정을 신청했다. 10개월간의 조정 기간을 끝에 재결합을 택한 두 사람은 지난해 10월 둘째 임신 소식을 전한 바 있다.</p>",황정음
28,entertainment,"심은하, 복귀설에 ""사실무근…허위 보도 법적대응 검토"""," = 배우 심은하가 복귀설에 대해 '사실무근'이라는 공식 입장을 내놨다.</p><p> 심은하 측은 16일 한 매체가 심은하가 은퇴 21년 만에 복귀한다고 보도한 기사와 관련해 ""사실무근임을 알려드린다""며 ""허위 보도에는 법적대응도 검토하겠다""고 밝혔다.</p><p> 이 매체는 심은하가 종합 콘텐츠 기업인 B사의 신작에 출연하기로 했으며, 다음 달 중순 구체적인 일정을 조율하기로 했다고 보도했다.</p><p> 심은하는 ""B사는 이름도 들어본 적이 없다""며 ""무분별한 추정 보도는 삼가주시길 부탁드린다""고 전했다. </p><p> 심은하는 1993년 MBC탤런트 공채 22기로 데뷔한 이후 드라마 '마지막 승부', '청춘의 덫', 영화 '미술관 옆 동물원' 등에서 여주인공을 맡아 1990년대 톱스타로 큰 인기를 끌었다. 2000년 영화 '인터뷰'를 끝으로 작품 활동을 중단하고 이듬해 은퇴했다.</p>",심은하
29,entertainment,6·25 전쟁때 미군 '호랑이 전차' 모습은…전쟁기념관 특별전," = 전쟁기념관은 16일부터 6월 말까지 6·25전쟁 중 미군 전차대대에서 운용한 이른바 '호랑이 전차' 특별전을 개최한다고 밝혔다.</p><p> '범, 전차를 타다'를 주제로 열리는 이번 특별전에서는 한국모형협회에서 제공한 호랑이 도장이 새겨진 전차 모형 10점, 전차 일러스트 4점, 6·25전쟁 당시 사진과 영상 등이 전시된다.</p><p> 1951년 당시 미군 전차대대는 동양에서 두려움과 경외의 대상인 호랑이가 중공군에게 심리적인 공포감을 줄 수 있을 것이라는 기대로 전차에 호랑이 무늬를 그리기 시작했다고 한다.</p><p> 공개되는 'M46 패튼'의 호랑이 도장은 임인년, 호랑이의 해를 맞아 관람객에게 인상적인 6·25전쟁 전시 자료를 제공하기 위해 기획됐다. 수차례 회의와 철저한 고증도 거쳤다고 전쟁기념관측은 설명했다.</p><p> 아울러 특별전 이후에도 M46 패튼 '호랑이 전차'는 대형유물 전시장에서 상설 전시할 예정이라고 전했다.</p>",호랑이
